INSERT INTO Customers (custid, cname, country) VALUES (0, 'Carl Testa', 'AZE');
INSERT INTO Customers (custid, cname, country) VALUES (1, 'Patrick Isaac', 'ARM');
INSERT INTO Customers (custid, cname, country) VALUES (2, 'Johnathan Garcia', 'DZA');
INSERT INTO Customers (custid, cname, country) VALUES (3, 'Vivian Smith', 'AIA');
INSERT INTO Customers (custid, cname, country) VALUES (4, 'Zana Lettinga', 'ALB');
INSERT INTO Customers (custid, cname, country) VALUES (5, 'Wayne Lee', 'AUS');
INSERT INTO Customers (custid, cname, country) VALUES (6, 'Anthony Phillips', 'BLR');
INSERT INTO Customers (custid, cname, country) VALUES (7, 'Virginia Roberts', 'DZA');
INSERT INTO Customers (custid, cname, country) VALUES (8, 'Peter Peoples', 'ATA');
INSERT INTO Customers (custid, cname, country) VALUES (9, 'Devon Steppe', 'DZA');
INSERT INTO Customers (custid, cname, country) VALUES (10, 'Karissa Oliveira', 'BGD');
INSERT INTO Customers (custid, cname, country) VALUES (11, 'Donna Harrill', 'ARG');
INSERT INTO Customers (custid, cname, country) VALUES (12, 'Carmen Eddy', 'ASM');
INSERT INTO Customers (custid, cname, country) VALUES (13, 'Andrea Cobb', 'ALB');
INSERT INTO Customers (custid, cname, country) VALUES (14, 'Isaac Bearfield', 'BRB');
INSERT INTO Customers (custid, cname, country) VALUES (15, 'Nancy Bryan', 'AUS');
INSERT INTO Customers (custid, cname, country) VALUES (16, 'Reyna Kirby', 'ALB');
INSERT INTO Customers (custid, cname, country) VALUES (17, 'Carl Hill', 'ALB');
INSERT INTO Customers (custid, cname, country) VALUES (18, 'Alice Goodwin', 'AFG');
INSERT INTO Customers (custid, cname, country) VALUES (19, 'Marjory Oliver', 'ATG');
INSERT INTO Customers (custid, cname, country) VALUES (20, 'Michael Hopkins', 'AND');
INSERT INTO Customers (custid, cname, country) VALUES (21, 'Charles Adam', 'ATG');
INSERT INTO Customers (custid, cname, country) VALUES (22, 'Gregory Weber', 'AFG');
INSERT INTO Customers (custid, cname, country) VALUES (23, 'Ethel Mewborn', 'ARG');
INSERT INTO Customers (custid, cname, country) VALUES (24, 'William Powell', 'BRB');
INSERT INTO Customers (custid, cname, country) VALUES (25, 'Judy Hodge', 'ALA');
INSERT INTO Customers (custid, cname, country) VALUES (26, 'William Fors', 'AZE');
INSERT INTO Customers (custid, cname, country) VALUES (27, 'Bobby Bullock', 'AGO');
INSERT INTO Customers (custid, cname, country) VALUES (28, 'Irene Yeh', 'ALA');
INSERT INTO Customers (custid, cname, country) VALUES (29, 'Cheryl Klauer', 'AZE');
INSERT INTO Customers (custid, cname, country) VALUES (30, 'Carrie Wright', 'AUT');
INSERT INTO Customers (custid, cname, country) VALUES (31, 'Albert Lane', 'BRB');
INSERT INTO Customers (custid, cname, country) VALUES (32, 'Reginald Benton', 'BHS');
INSERT INTO Customers (custid, cname, country) VALUES (33, 'Martha Capers', 'AGO');
INSERT INTO Customers (custid, cname, country) VALUES (34, 'Albert Gibbs', 'AZE');
INSERT INTO Customers (custid, cname, country) VALUES (35, 'Kathleen Mccarthy', 'ATG');
INSERT INTO Customers (custid, cname, country) VALUES (36, 'Matthew Taylor', 'ASM');
INSERT INTO Customers (custid, cname, country) VALUES (37, 'Tommy Gann', 'ARG');
INSERT INTO Customers (custid, cname, country) VALUES (38, 'Alice James', 'AIA');
INSERT INTO Customers (custid, cname, country) VALUES (39, 'Jimmie Zeller', 'ARM');
INSERT INTO Customers (custid, cname, country) VALUES (40, 'Benjamin Lozano', 'AUS');
INSERT INTO Customers (custid, cname, country) VALUES (41, 'Stephan Lee', 'AUT');
INSERT INTO Customers (custid, cname, country) VALUES (42, 'Emelia Hinson', 'ARM');
INSERT INTO Customers (custid, cname, country) VALUES (43, 'Beverly Prewitt', 'BRB');
INSERT INTO Customers (custid, cname, country) VALUES (44, 'Gloria Green', 'ASM');
INSERT INTO Customers (custid, cname, country) VALUES (45, 'William Smith', 'BHR');
INSERT INTO Customers (custid, cname, country) VALUES (46, 'Sylvia Nelson', 'BGD');
INSERT INTO Customers (custid, cname, country) VALUES (47, 'Judith Shadle', 'BHS');
INSERT INTO Customers (custid, cname, country) VALUES (48, 'Anthony Christy', 'BGD');
INSERT INTO Customers (custid, cname, country) VALUES (49, 'Jennifer Horner', 'DZA');
INSERT INTO Customers (custid, cname, country) VALUES (50, 'Tiffany Fontaine', 'ASM');
INSERT INTO Customers (custid, cname, country) VALUES (51, 'Susan Long', 'ARG');
INSERT INTO Customers (custid, cname, country) VALUES (52, 'Jason Byrne', 'BRB');
INSERT INTO Customers (custid, cname, country) VALUES (53, 'Maria House', 'ATA');
INSERT INTO Customers (custid, cname, country) VALUES (54, 'Kimberly Niles', 'ASM');
INSERT INTO Customers (custid, cname, country) VALUES (55, 'Sanford Bobbitt', 'ARM');
INSERT INTO Customers (custid, cname, country) VALUES (56, 'Charles Hood', 'BGD');
INSERT INTO Customers (custid, cname, country) VALUES (57, 'Carmen James', 'BRB');
INSERT INTO Customers (custid, cname, country) VALUES (58, 'Paul Blamer', 'AUT');
INSERT INTO Customers (custid, cname, country) VALUES (59, 'Alonzo Gregory', 'BRB');
INSERT INTO Products (pcode, pname, ptype, price) VALUES (0, 'hkbibcaytjdy', 'BOOK', 4.80985047476104);
INSERT INTO Products (pcode, pname, ptype, price) VALUES (1, 'whkpoyoqebwl', 'MOVIE', 3.314069157324284);
INSERT INTO Products (pcode, pname, ptype, price) VALUES (2, 'ltiroucfzkyy', 'MOVIE', 5.339606972559629);
INSERT INTO Products (pcode, pname, ptype, price) VALUES (3, 'wiqnmkddxttp', 'BOOK', 34.506264998121175);
INSERT INTO Products (pcode, pname, ptype, price) VALUES (4, 'lgoxbssfbpkn', 'MOVIE', 29.866866491118166);
INSERT INTO Products (pcode, pname, ptype, price) VALUES (5, 'tdhnpzvgotpq', 'BOOK', 44.702402661016514);
INSERT INTO Products (pcode, pname, ptype, price) VALUES (6, 'ifbcgimdnfdr', 'MUSIC', 46.16093171361012);
INSERT INTO Products (pcode, pname, ptype, price) VALUES (7, 'svzvlhctadhv', 'MUSIC', 23.484422583628977);
INSERT INTO Products (pcode, pname, ptype, price) VALUES (8, 'fyeismyxjkdz', 'BOOK', 18.69414586570914);
INSERT INTO Products (pcode, pname, ptype, price) VALUES (9, 'wmdmwymbqytw', 'MUSIC', 35.51430583870151);
INSERT INTO Products (pcode, pname, ptype, price) VALUES (10, 'sdswybawutie', 'MOVIE', 32.652528111964855);
INSERT INTO Products (pcode, pname, ptype, price) VALUES (11, 'oyarttlfeewu', 'MOVIE', 45.20937242439938);
INSERT INTO Products (pcode, pname, ptype, price) VALUES (12, 'eyefjteormpi', 'MUSIC', 0.9406498172106592);
INSERT INTO Products (pcode, pname, ptype, price) VALUES (13, 'ajobhimdsfom', 'MOVIE', 41.67641171947409);
INSERT INTO Products (pcode, pname, ptype, price) VALUES (14, 'desihtwjrjzw', 'BOOK', 35.62445086504724);
INSERT INTO Orders (ordid, odate, ocust) VALUES (0, '2023-01-02', 13);
INSERT INTO Orders (ordid, odate, ocust) VALUES (1, '2023-01-30', 20);
INSERT INTO Orders (ordid, odate, ocust) VALUES (2, '2023-02-14', 8);
INSERT INTO Orders (ordid, odate, ocust) VALUES (3, '2023-01-25', 11);
INSERT INTO Orders (ordid, odate, ocust) VALUES (4, '2023-02-18', 34);
INSERT INTO Orders (ordid, odate, ocust) VALUES (5, '2023-01-31', 20);
INSERT INTO Orders (ordid, odate, ocust) VALUES (6, '2023-01-10', 49);
INSERT INTO Orders (ordid, odate, ocust) VALUES (7, '2023-02-13', 58);
INSERT INTO Orders (ordid, odate, ocust) VALUES (8, '2023-02-12', 50);
INSERT INTO Orders (ordid, odate, ocust) VALUES (9, '2023-01-18', 22);
INSERT INTO Orders (ordid, odate, ocust) VALUES (10, '2023-02-06', 27);
INSERT INTO Orders (ordid, odate, ocust) VALUES (11, '2023-01-14', 34);
INSERT INTO Orders (ordid, odate, ocust) VALUES (12, '2023-01-28', 44);
INSERT INTO Orders (ordid, odate, ocust) VALUES (13, '2023-01-11', 7);
INSERT INTO Orders (ordid, odate, ocust) VALUES (14, '2023-01-09', 57);
INSERT INTO Orders (ordid, odate, ocust) VALUES (15, '2023-01-21', 43);
INSERT INTO Orders (ordid, odate, ocust) VALUES (16, '2023-01-23', 10);
INSERT INTO Orders (ordid, odate, ocust) VALUES (17, '2023-01-20', 16);
INSERT INTO Orders (ordid, odate, ocust) VALUES (18, '2023-02-04', 28);
INSERT INTO Orders (ordid, odate, ocust) VALUES (19, '2023-02-17', 23);
INSERT INTO Orders (ordid, odate, ocust) VALUES (20, '2023-02-02', 12);
INSERT INTO Orders (ordid, odate, ocust) VALUES (21, '2023-02-02', 4);
INSERT INTO Orders (ordid, odate, ocust) VALUES (22, '2023-01-18', 16);
INSERT INTO Orders (ordid, odate, ocust) VALUES (23, '2023-02-01', 21);
INSERT INTO Orders (ordid, odate, ocust) VALUES (24, '2023-01-19', 13);
INSERT INTO Orders (ordid, odate, ocust) VALUES (25, '2023-02-11', 44);
INSERT INTO Orders (ordid, odate, ocust) VALUES (26, '2023-01-15', 38);
INSERT INTO Orders (ordid, odate, ocust) VALUES (27, '2023-01-03', 43);
INSERT INTO Orders (ordid, odate, ocust) VALUES (28, '2023-02-16', 28);
INSERT INTO Orders (ordid, odate, ocust) VALUES (29, '2023-01-10', 22);
INSERT INTO Orders (ordid, odate, ocust) VALUES (30, '2023-01-30', 31);
INSERT INTO Orders (ordid, odate, ocust) VALUES (31, '2023-01-08', 25);
INSERT INTO Orders (ordid, odate, ocust) VALUES (32, '2023-01-26', 9);
INSERT INTO Orders (ordid, odate, ocust) VALUES (33, '2023-01-03', 0);
INSERT INTO Orders (ordid, odate, ocust) VALUES (34, '2023-02-13', 15);
INSERT INTO Orders (ordid, odate, ocust) VALUES (35, '2023-02-08', 41);
INSERT INTO Orders (ordid, odate, ocust) VALUES (36, '2023-01-30', 42);
INSERT INTO Orders (ordid, odate, ocust) VALUES (37, '2023-02-04', 47);
INSERT INTO Orders (ordid, odate, ocust) VALUES (38, '2023-01-31', 57);
INSERT INTO Orders (ordid, odate, ocust) VALUES (39, '2023-01-09', 12);
INSERT INTO Orders (ordid, odate, ocust) VALUES (40, '2023-02-16', 26);
INSERT INTO Orders (ordid, odate, ocust) VALUES (41, '2023-01-30', 7);
INSERT INTO Orders (ordid, odate, ocust) VALUES (42, '2023-01-02', 15);
INSERT INTO Orders (ordid, odate, ocust) VALUES (43, '2023-01-05', 5);
INSERT INTO Orders (ordid, odate, ocust) VALUES (44, '2023-01-12', 1);
INSERT INTO Details (ordid, pcode, qty) VALUES (37, 9, 37);
INSERT INTO Details (ordid, pcode, qty) VALUES (37, 8, 29);
INSERT INTO Details (ordid, pcode, qty) VALUES (37, 14, 41);
INSERT INTO Details (ordid, pcode, qty) VALUES (37, 0, 11);
INSERT INTO Details (ordid, pcode, qty) VALUES (37, 12, 7);
INSERT INTO Details (ordid, pcode, qty) VALUES (37, 11, 29);
INSERT INTO Details (ordid, pcode, qty) VALUES (37, 10, 16);
INSERT INTO Details (ordid, pcode, qty) VALUES (35, 13, 38);
INSERT INTO Details (ordid, pcode, qty) VALUES (35, 10, 21);
INSERT INTO Details (ordid, pcode, qty) VALUES (35, 1, 7);
INSERT INTO Details (ordid, pcode, qty) VALUES (35, 6, 39);
INSERT INTO Details (ordid, pcode, qty) VALUES (35, 4, 35);
INSERT INTO Details (ordid, pcode, qty) VALUES (32, 10, 42);
INSERT INTO Details (ordid, pcode, qty) VALUES (32, 8, 20);
INSERT INTO Details (ordid, pcode, qty) VALUES (32, 5, 23);
INSERT INTO Details (ordid, pcode, qty) VALUES (32, 0, 38);
INSERT INTO Details (ordid, pcode, qty) VALUES (32, 6, 39);
INSERT INTO Details (ordid, pcode, qty) VALUES (32, 11, 45);
INSERT INTO Details (ordid, pcode, qty) VALUES (32, 1, 31);
INSERT INTO Details (ordid, pcode, qty) VALUES (32, 13, 1);
INSERT INTO Details (ordid, pcode, qty) VALUES (32, 9, 22);
INSERT INTO Details (ordid, pcode, qty) VALUES (32, 12, 41);
INSERT INTO Details (ordid, pcode, qty) VALUES (32, 3, 2);
INSERT INTO Details (ordid, pcode, qty) VALUES (32, 7, 48);
INSERT INTO Details (ordid, pcode, qty) VALUES (32, 14, 32);
INSERT INTO Details (ordid, pcode, qty) VALUES (32, 4, 23);
INSERT INTO Details (ordid, pcode, qty) VALUES (36, 6, 19);
INSERT INTO Details (ordid, pcode, qty) VALUES (36, 11, 50);
INSERT INTO Details (ordid, pcode, qty) VALUES (36, 8, 44);
INSERT INTO Details (ordid, pcode, qty) VALUES (36, 0, 49);
INSERT INTO Details (ordid, pcode, qty) VALUES (36, 12, 49);
INSERT INTO Details (ordid, pcode, qty) VALUES (36, 13, 32);
INSERT INTO Details (ordid, pcode, qty) VALUES (33, 10, 16);
INSERT INTO Details (ordid, pcode, qty) VALUES (33, 13, 8);
INSERT INTO Details (ordid, pcode, qty) VALUES (33, 5, 4);
INSERT INTO Details (ordid, pcode, qty) VALUES (33, 8, 36);
INSERT INTO Details (ordid, pcode, qty) VALUES (33, 12, 41);
INSERT INTO Details (ordid, pcode, qty) VALUES (33, 6, 42);
INSERT INTO Details (ordid, pcode, qty) VALUES (33, 9, 37);
INSERT INTO Details (ordid, pcode, qty) VALUES (33, 0, 23);
INSERT INTO Details (ordid, pcode, qty) VALUES (33, 1, 3);
INSERT INTO Details (ordid, pcode, qty) VALUES (33, 2, 9);
INSERT INTO Details (ordid, pcode, qty) VALUES (2, 7, 46);
INSERT INTO Details (ordid, pcode, qty) VALUES (2, 6, 47);
INSERT INTO Details (ordid, pcode, qty) VALUES (2, 9, 36);
INSERT INTO Details (ordid, pcode, qty) VALUES (2, 1, 14);
INSERT INTO Details (ordid, pcode, qty) VALUES (2, 11, 24);
INSERT INTO Details (ordid, pcode, qty) VALUES (2, 10, 5);
INSERT INTO Details (ordid, pcode, qty) VALUES (2, 14, 47);
INSERT INTO Details (ordid, pcode, qty) VALUES (2, 5, 10);
INSERT INTO Details (ordid, pcode, qty) VALUES (2, 12, 21);
INSERT INTO Details (ordid, pcode, qty) VALUES (2, 8, 48);
INSERT INTO Details (ordid, pcode, qty) VALUES (2, 2, 16);
INSERT INTO Details (ordid, pcode, qty) VALUES (2, 3, 38);
INSERT INTO Details (ordid, pcode, qty) VALUES (1, 11, 43);
INSERT INTO Details (ordid, pcode, qty) VALUES (1, 5, 50);
INSERT INTO Details (ordid, pcode, qty) VALUES (28, 13, 47);
INSERT INTO Details (ordid, pcode, qty) VALUES (28, 10, 28);
INSERT INTO Details (ordid, pcode, qty) VALUES (28, 3, 36);
INSERT INTO Details (ordid, pcode, qty) VALUES (28, 12, 35);
INSERT INTO Details (ordid, pcode, qty) VALUES (28, 14, 48);
INSERT INTO Details (ordid, pcode, qty) VALUES (28, 0, 41);
INSERT INTO Details (ordid, pcode, qty) VALUES (28, 6, 13);
INSERT INTO Details (ordid, pcode, qty) VALUES (5, 12, 38);
INSERT INTO Details (ordid, pcode, qty) VALUES (5, 5, 11);
INSERT INTO Details (ordid, pcode, qty) VALUES (5, 4, 8);
INSERT INTO Details (ordid, pcode, qty) VALUES (5, 14, 22);
INSERT INTO Details (ordid, pcode, qty) VALUES (5, 13, 41);
INSERT INTO Details (ordid, pcode, qty) VALUES (5, 8, 47);
INSERT INTO Details (ordid, pcode, qty) VALUES (5, 7, 30);
INSERT INTO Details (ordid, pcode, qty) VALUES (5, 3, 39);
INSERT INTO Details (ordid, pcode, qty) VALUES (5, 1, 37);
INSERT INTO Details (ordid, pcode, qty) VALUES (44, 3, 30);
INSERT INTO Details (ordid, pcode, qty) VALUES (44, 6, 16);
INSERT INTO Details (ordid, pcode, qty) VALUES (44, 14, 2);
INSERT INTO Details (ordid, pcode, qty) VALUES (44, 7, 48);
INSERT INTO Details (ordid, pcode, qty) VALUES (44, 8, 49);
INSERT INTO Details (ordid, pcode, qty) VALUES (44, 5, 49);
INSERT INTO Details (ordid, pcode, qty) VALUES (44, 0, 36);
INSERT INTO Details (ordid, pcode, qty) VALUES (44, 1, 28);
INSERT INTO Details (ordid, pcode, qty) VALUES (44, 2, 29);
INSERT INTO Details (ordid, pcode, qty) VALUES (44, 13, 2);
INSERT INTO Details (ordid, pcode, qty) VALUES (44, 11, 41);
INSERT INTO Details (ordid, pcode, qty) VALUES (20, 7, 48);
INSERT INTO Details (ordid, pcode, qty) VALUES (20, 11, 17);
INSERT INTO Details (ordid, pcode, qty) VALUES (20, 0, 16);
INSERT INTO Details (ordid, pcode, qty) VALUES (20, 14, 14);
INSERT INTO Details (ordid, pcode, qty) VALUES (20, 4, 34);
INSERT INTO Details (ordid, pcode, qty) VALUES (20, 12, 28);
INSERT INTO Details (ordid, pcode, qty) VALUES (20, 8, 43);
INSERT INTO Details (ordid, pcode, qty) VALUES (20, 13, 1);
INSERT INTO Details (ordid, pcode, qty) VALUES (20, 2, 43);
INSERT INTO Details (ordid, pcode, qty) VALUES (25, 7, 21);
INSERT INTO Details (ordid, pcode, qty) VALUES (25, 14, 3);
INSERT INTO Details (ordid, pcode, qty) VALUES (25, 9, 41);
INSERT INTO Details (ordid, pcode, qty) VALUES (25, 13, 7);
INSERT INTO Details (ordid, pcode, qty) VALUES (25, 5, 32);
INSERT INTO Details (ordid, pcode, qty) VALUES (25, 2, 20);
INSERT INTO Details (ordid, pcode, qty) VALUES (25, 0, 21);
INSERT INTO Details (ordid, pcode, qty) VALUES (25, 10, 39);
INSERT INTO Details (ordid, pcode, qty) VALUES (25, 11, 10);
INSERT INTO Details (ordid, pcode, qty) VALUES (25, 6, 33);
INSERT INTO Details (ordid, pcode, qty) VALUES (25, 4, 24);
INSERT INTO Details (ordid, pcode, qty) VALUES (25, 8, 45);
INSERT INTO Details (ordid, pcode, qty) VALUES (25, 12, 24);
INSERT INTO Details (ordid, pcode, qty) VALUES (19, 7, 42);
INSERT INTO Details (ordid, pcode, qty) VALUES (10, 3, 21);
INSERT INTO Details (ordid, pcode, qty) VALUES (10, 1, 19);
INSERT INTO Details (ordid, pcode, qty) VALUES (10, 14, 19);
INSERT INTO Details (ordid, pcode, qty) VALUES (10, 2, 8);
INSERT INTO Details (ordid, pcode, qty) VALUES (10, 0, 35);
INSERT INTO Details (ordid, pcode, qty) VALUES (10, 5, 28);
INSERT INTO Details (ordid, pcode, qty) VALUES (10, 4, 50);
INSERT INTO Details (ordid, pcode, qty) VALUES (10, 7, 16);
INSERT INTO Details (ordid, pcode, qty) VALUES (10, 6, 30);
INSERT INTO Details (ordid, pcode, qty) VALUES (10, 12, 33);
INSERT INTO Details (ordid, pcode, qty) VALUES (10, 9, 39);
INSERT INTO Details (ordid, pcode, qty) VALUES (10, 11, 19);
INSERT INTO Details (ordid, pcode, qty) VALUES (10, 8, 42);
INSERT INTO Details (ordid, pcode, qty) VALUES (10, 10, 31);
INSERT INTO Details (ordid, pcode, qty) VALUES (10, 13, 23);
INSERT INTO Details (ordid, pcode, qty) VALUES (7, 14, 37);
INSERT INTO Details (ordid, pcode, qty) VALUES (7, 9, 34);
INSERT INTO Details (ordid, pcode, qty) VALUES (7, 2, 6);
INSERT INTO Details (ordid, pcode, qty) VALUES (7, 4, 28);
INSERT INTO Details (ordid, pcode, qty) VALUES (7, 12, 12);
INSERT INTO Details (ordid, pcode, qty) VALUES (7, 1, 47);
INSERT INTO Details (ordid, pcode, qty) VALUES (7, 11, 30);
INSERT INTO Details (ordid, pcode, qty) VALUES (7, 10, 41);
INSERT INTO Details (ordid, pcode, qty) VALUES (7, 5, 1);
INSERT INTO Details (ordid, pcode, qty) VALUES (7, 7, 6);
INSERT INTO Details (ordid, pcode, qty) VALUES (7, 8, 6);
INSERT INTO Details (ordid, pcode, qty) VALUES (7, 6, 38);
INSERT INTO Details (ordid, pcode, qty) VALUES (7, 3, 28);
INSERT INTO Details (ordid, pcode, qty) VALUES (6, 11, 21);
INSERT INTO Details (ordid, pcode, qty) VALUES (6, 2, 31);
INSERT INTO Details (ordid, pcode, qty) VALUES (15, 12, 3);
INSERT INTO Details (ordid, pcode, qty) VALUES (15, 7, 5);
INSERT INTO Details (ordid, pcode, qty) VALUES (15, 1, 47);
INSERT INTO Details (ordid, pcode, qty) VALUES (15, 14, 41);
INSERT INTO Details (ordid, pcode, qty) VALUES (15, 8, 21);
INSERT INTO Details (ordid, pcode, qty) VALUES (15, 3, 1);
INSERT INTO Details (ordid, pcode, qty) VALUES (15, 9, 9);
INSERT INTO Details (ordid, pcode, qty) VALUES (15, 4, 33);
INSERT INTO Details (ordid, pcode, qty) VALUES (15, 0, 12);
INSERT INTO Details (ordid, pcode, qty) VALUES (15, 6, 27);
INSERT INTO Details (ordid, pcode, qty) VALUES (15, 10, 3);
INSERT INTO Details (ordid, pcode, qty) VALUES (15, 2, 11);
INSERT INTO Details (ordid, pcode, qty) VALUES (15, 11, 29);
INSERT INTO Details (ordid, pcode, qty) VALUES (15, 5, 1);
INSERT INTO Details (ordid, pcode, qty) VALUES (15, 13, 2);
INSERT INTO Details (ordid, pcode, qty) VALUES (40, 2, 43);
INSERT INTO Details (ordid, pcode, qty) VALUES (40, 5, 5);
INSERT INTO Details (ordid, pcode, qty) VALUES (40, 6, 4);
INSERT INTO Details (ordid, pcode, qty) VALUES (40, 4, 22);
INSERT INTO Details (ordid, pcode, qty) VALUES (40, 11, 46);
INSERT INTO Details (ordid, pcode, qty) VALUES (40, 8, 2);
INSERT INTO Details (ordid, pcode, qty) VALUES (40, 13, 16);
INSERT INTO Details (ordid, pcode, qty) VALUES (40, 7, 13);
INSERT INTO Details (ordid, pcode, qty) VALUES (40, 10, 20);
INSERT INTO Details (ordid, pcode, qty) VALUES (40, 9, 22);
INSERT INTO Details (ordid, pcode, qty) VALUES (40, 3, 1);
INSERT INTO Details (ordid, pcode, qty) VALUES (40, 12, 9);
INSERT INTO Details (ordid, pcode, qty) VALUES (11, 14, 42);
INSERT INTO Details (ordid, pcode, qty) VALUES (11, 9, 26);
INSERT INTO Details (ordid, pcode, qty) VALUES (11, 7, 28);
INSERT INTO Details (ordid, pcode, qty) VALUES (11, 13, 7);
INSERT INTO Details (ordid, pcode, qty) VALUES (11, 10, 3);
INSERT INTO Details (ordid, pcode, qty) VALUES (11, 0, 18);
INSERT INTO Details (ordid, pcode, qty) VALUES (11, 5, 48);
INSERT INTO Details (ordid, pcode, qty) VALUES (11, 1, 35);
INSERT INTO Details (ordid, pcode, qty) VALUES (11, 12, 10);
INSERT INTO Details (ordid, pcode, qty) VALUES (11, 6, 25);
INSERT INTO Details (ordid, pcode, qty) VALUES (11, 11, 13);
INSERT INTO Details (ordid, pcode, qty) VALUES (11, 2, 4);
INSERT INTO Details (ordid, pcode, qty) VALUES (11, 3, 49);
INSERT INTO Details (ordid, pcode, qty) VALUES (9, 13, 17);
INSERT INTO Details (ordid, pcode, qty) VALUES (9, 5, 3);
INSERT INTO Details (ordid, pcode, qty) VALUES (9, 7, 19);
INSERT INTO Details (ordid, pcode, qty) VALUES (9, 4, 2);
INSERT INTO Details (ordid, pcode, qty) VALUES (9, 10, 45);
INSERT INTO Details (ordid, pcode, qty) VALUES (9, 0, 28);
INSERT INTO Details (ordid, pcode, qty) VALUES (9, 2, 13);
INSERT INTO Details (ordid, pcode, qty) VALUES (9, 9, 16);
INSERT INTO Details (ordid, pcode, qty) VALUES (9, 12, 1);
INSERT INTO Details (ordid, pcode, qty) VALUES (23, 2, 3);
INSERT INTO Details (ordid, pcode, qty) VALUES (23, 5, 18);
INSERT INTO Details (ordid, pcode, qty) VALUES (23, 9, 18);
INSERT INTO Details (ordid, pcode, qty) VALUES (23, 4, 50);
INSERT INTO Details (ordid, pcode, qty) VALUES (23, 1, 19);
INSERT INTO Details (ordid, pcode, qty) VALUES (23, 11, 32);
INSERT INTO Details (ordid, pcode, qty) VALUES (23, 3, 19);
INSERT INTO Details (ordid, pcode, qty) VALUES (13, 6, 35);
INSERT INTO Details (ordid, pcode, qty) VALUES (13, 9, 50);
INSERT INTO Details (ordid, pcode, qty) VALUES (13, 3, 25);
INSERT INTO Details (ordid, pcode, qty) VALUES (13, 1, 14);
INSERT INTO Details (ordid, pcode, qty) VALUES (13, 5, 24);
INSERT INTO Details (ordid, pcode, qty) VALUES (13, 10, 43);
INSERT INTO Details (ordid, pcode, qty) VALUES (42, 0, 45);
INSERT INTO Details (ordid, pcode, qty) VALUES (42, 6, 32);
INSERT INTO Details (ordid, pcode, qty) VALUES (42, 12, 27);
INSERT INTO Details (ordid, pcode, qty) VALUES (42, 13, 6);
INSERT INTO Details (ordid, pcode, qty) VALUES (42, 14, 30);
INSERT INTO Details (ordid, pcode, qty) VALUES (42, 4, 24);
INSERT INTO Details (ordid, pcode, qty) VALUES (42, 7, 6);
INSERT INTO Details (ordid, pcode, qty) VALUES (42, 3, 16);
INSERT INTO Details (ordid, pcode, qty) VALUES (21, 14, 47);
INSERT INTO Details (ordid, pcode, qty) VALUES (21, 6, 46);
INSERT INTO Details (ordid, pcode, qty) VALUES (21, 1, 7);
INSERT INTO Details (ordid, pcode, qty) VALUES (21, 0, 28);
INSERT INTO Details (ordid, pcode, qty) VALUES (21, 10, 31);
INSERT INTO Details (ordid, pcode, qty) VALUES (21, 4, 41);
INSERT INTO Details (ordid, pcode, qty) VALUES (21, 2, 44);
INSERT INTO Details (ordid, pcode, qty) VALUES (21, 7, 37);
INSERT INTO Details (ordid, pcode, qty) VALUES (21, 11, 14);
INSERT INTO Details (ordid, pcode, qty) VALUES (21, 13, 8);
INSERT INTO Details (ordid, pcode, qty) VALUES (21, 12, 8);
INSERT INTO Details (ordid, pcode, qty) VALUES (41, 14, 29);
INSERT INTO Details (ordid, pcode, qty) VALUES (41, 5, 14);
INSERT INTO Details (ordid, pcode, qty) VALUES (34, 12, 18);
INSERT INTO Details (ordid, pcode, qty) VALUES (4, 10, 30);
INSERT INTO Details (ordid, pcode, qty) VALUES (4, 13, 34);
INSERT INTO Details (ordid, pcode, qty) VALUES (4, 6, 43);
INSERT INTO Details (ordid, pcode, qty) VALUES (4, 11, 19);
INSERT INTO Details (ordid, pcode, qty) VALUES (4, 1, 43);
INSERT INTO Details (ordid, pcode, qty) VALUES (4, 8, 7);
INSERT INTO Details (ordid, pcode, qty) VALUES (4, 5, 20);
INSERT INTO Details (ordid, pcode, qty) VALUES (4, 12, 16);
INSERT INTO Details (ordid, pcode, qty) VALUES (4, 2, 49);
INSERT INTO Details (ordid, pcode, qty) VALUES (4, 7, 39);
INSERT INTO Details (ordid, pcode, qty) VALUES (4, 14, 36);
INSERT INTO Details (ordid, pcode, qty) VALUES (4, 3, 29);
INSERT INTO Details (ordid, pcode, qty) VALUES (4, 4, 16);
INSERT INTO Details (ordid, pcode, qty) VALUES (4, 0, 19);
INSERT INTO Details (ordid, pcode, qty) VALUES (4, 9, 13);
INSERT INTO Details (ordid, pcode, qty) VALUES (14, 13, 1);
INSERT INTO Details (ordid, pcode, qty) VALUES (14, 4, 12);
INSERT INTO Details (ordid, pcode, qty) VALUES (14, 3, 24);
INSERT INTO Details (ordid, pcode, qty) VALUES (14, 5, 18);
INSERT INTO Details (ordid, pcode, qty) VALUES (17, 1, 24);
INSERT INTO Details (ordid, pcode, qty) VALUES (17, 12, 26);
INSERT INTO Details (ordid, pcode, qty) VALUES (17, 6, 1);
INSERT INTO Details (ordid, pcode, qty) VALUES (17, 3, 1);
INSERT INTO Details (ordid, pcode, qty) VALUES (12, 6, 8);
INSERT INTO Details (ordid, pcode, qty) VALUES (12, 4, 24);
INSERT INTO Details (ordid, pcode, qty) VALUES (12, 11, 16);
INSERT INTO Details (ordid, pcode, qty) VALUES (12, 7, 22);
INSERT INTO Details (ordid, pcode, qty) VALUES (12, 9, 48);
INSERT INTO Details (ordid, pcode, qty) VALUES (12, 3, 41);
INSERT INTO Details (ordid, pcode, qty) VALUES (12, 5, 12);
INSERT INTO Details (ordid, pcode, qty) VALUES (12, 14, 23);
INSERT INTO Details (ordid, pcode, qty) VALUES (12, 2, 8);
INSERT INTO Details (ordid, pcode, qty) VALUES (12, 0, 1);
INSERT INTO Details (ordid, pcode, qty) VALUES (12, 1, 4);
INSERT INTO Details (ordid, pcode, qty) VALUES (26, 13, 3);
INSERT INTO Details (ordid, pcode, qty) VALUES (26, 12, 12);
INSERT INTO Details (ordid, pcode, qty) VALUES (26, 3, 35);
INSERT INTO Details (ordid, pcode, qty) VALUES (26, 1, 35);
INSERT INTO Details (ordid, pcode, qty) VALUES (26, 7, 15);
INSERT INTO Details (ordid, pcode, qty) VALUES (26, 6, 19);
INSERT INTO Details (ordid, pcode, qty) VALUES (26, 8, 42);
INSERT INTO Details (ordid, pcode, qty) VALUES (26, 10, 42);
INSERT INTO Details (ordid, pcode, qty) VALUES (26, 0, 8);
INSERT INTO Details (ordid, pcode, qty) VALUES (26, 2, 16);
INSERT INTO Details (ordid, pcode, qty) VALUES (26, 14, 1);
INSERT INTO Details (ordid, pcode, qty) VALUES (26, 4, 13);
INSERT INTO Details (ordid, pcode, qty) VALUES (26, 9, 31);
INSERT INTO Details (ordid, pcode, qty) VALUES (18, 2, 22);
INSERT INTO Details (ordid, pcode, qty) VALUES (18, 12, 39);
INSERT INTO Details (ordid, pcode, qty) VALUES (18, 11, 28);
INSERT INTO Details (ordid, pcode, qty) VALUES (18, 6, 2);
INSERT INTO Details (ordid, pcode, qty) VALUES (18, 8, 16);
INSERT INTO Details (ordid, pcode, qty) VALUES (18, 13, 48);
INSERT INTO Details (ordid, pcode, qty) VALUES (18, 1, 20);
INSERT INTO Details (ordid, pcode, qty) VALUES (18, 0, 10);
INSERT INTO Details (ordid, pcode, qty) VALUES (18, 5, 23);
INSERT INTO Details (ordid, pcode, qty) VALUES (18, 10, 13);
INSERT INTO Details (ordid, pcode, qty) VALUES (18, 9, 17);
INSERT INTO Details (ordid, pcode, qty) VALUES (18, 14, 27);
INSERT INTO Details (ordid, pcode, qty) VALUES (30, 11, 41);
INSERT INTO Details (ordid, pcode, qty) VALUES (30, 2, 50);
INSERT INTO Details (ordid, pcode, qty) VALUES (30, 4, 36);
INSERT INTO Details (ordid, pcode, qty) VALUES (30, 10, 22);
INSERT INTO Details (ordid, pcode, qty) VALUES (30, 13, 49);
INSERT INTO Details (ordid, pcode, qty) VALUES (30, 1, 23);
INSERT INTO Details (ordid, pcode, qty) VALUES (30, 12, 45);
INSERT INTO Details (ordid, pcode, qty) VALUES (30, 3, 6);
INSERT INTO Details (ordid, pcode, qty) VALUES (30, 5, 26);
INSERT INTO Details (ordid, pcode, qty) VALUES (30, 0, 48);
INSERT INTO Details (ordid, pcode, qty) VALUES (30, 7, 11);
INSERT INTO Details (ordid, pcode, qty) VALUES (30, 8, 15);
INSERT INTO Details (ordid, pcode, qty) VALUES (30, 9, 36);
INSERT INTO Details (ordid, pcode, qty) VALUES (24, 13, 15);
INSERT INTO Details (ordid, pcode, qty) VALUES (24, 2, 4);
INSERT INTO Details (ordid, pcode, qty) VALUES (24, 1, 44);
INSERT INTO Details (ordid, pcode, qty) VALUES (24, 7, 5);
INSERT INTO Details (ordid, pcode, qty) VALUES (24, 9, 22);
INSERT INTO Details (ordid, pcode, qty) VALUES (24, 8, 44);
INSERT INTO Details (ordid, pcode, qty) VALUES (24, 11, 27);
INSERT INTO Details (ordid, pcode, qty) VALUES (24, 14, 8);
INSERT INTO Details (ordid, pcode, qty) VALUES (24, 12, 40);
INSERT INTO Details (ordid, pcode, qty) VALUES (24, 3, 42);
INSERT INTO Details (ordid, pcode, qty) VALUES (8, 11, 34);
INSERT INTO Details (ordid, pcode, qty) VALUES (8, 13, 18);
INSERT INTO Details (ordid, pcode, qty) VALUES (8, 9, 43);
INSERT INTO Details (ordid, pcode, qty) VALUES (39, 4, 1);
INSERT INTO Details (ordid, pcode, qty) VALUES (39, 7, 18);
INSERT INTO Details (ordid, pcode, qty) VALUES (39, 11, 25);
INSERT INTO Details (ordid, pcode, qty) VALUES (39, 5, 28);
INSERT INTO Details (ordid, pcode, qty) VALUES (39, 0, 5);
INSERT INTO Details (ordid, pcode, qty) VALUES (39, 13, 11);
INSERT INTO Details (ordid, pcode, qty) VALUES (39, 6, 26);
INSERT INTO Details (ordid, pcode, qty) VALUES (39, 14, 25);
INSERT INTO Details (ordid, pcode, qty) VALUES (39, 2, 7);
INSERT INTO Details (ordid, pcode, qty) VALUES (43, 4, 23);
INSERT INTO Details (ordid, pcode, qty) VALUES (43, 3, 23);
INSERT INTO Details (ordid, pcode, qty) VALUES (43, 9, 26);
INSERT INTO Details (ordid, pcode, qty) VALUES (43, 11, 20);
INSERT INTO Details (ordid, pcode, qty) VALUES (43, 6, 21);
INSERT INTO Details (ordid, pcode, qty) VALUES (43, 12, 40);
INSERT INTO Details (ordid, pcode, qty) VALUES (43, 13, 42);
INSERT INTO Details (ordid, pcode, qty) VALUES (43, 0, 35);
INSERT INTO Details (ordid, pcode, qty) VALUES (43, 10, 29);
INSERT INTO Details (ordid, pcode, qty) VALUES (43, 1, 9);
INSERT INTO Details (ordid, pcode, qty) VALUES (43, 2, 42);
INSERT INTO Details (ordid, pcode, qty) VALUES (43, 8, 29);
INSERT INTO Details (ordid, pcode, qty) VALUES (43, 5, 46);
INSERT INTO Details (ordid, pcode, qty) VALUES (43, 14, 40);
INSERT INTO Details (ordid, pcode, qty) VALUES (43, 7, 17);
INSERT INTO Details (ordid, pcode, qty) VALUES (27, 7, 32);
INSERT INTO Details (ordid, pcode, qty) VALUES (27, 0, 37);
INSERT INTO Details (ordid, pcode, qty) VALUES (27, 6, 49);
INSERT INTO Details (ordid, pcode, qty) VALUES (27, 9, 48);
INSERT INTO Details (ordid, pcode, qty) VALUES (27, 13, 22);
INSERT INTO Details (ordid, pcode, qty) VALUES (27, 4, 44);
INSERT INTO Details (ordid, pcode, qty) VALUES (27, 11, 12);
INSERT INTO Details (ordid, pcode, qty) VALUES (27, 2, 3);
INSERT INTO Details (ordid, pcode, qty) VALUES (27, 10, 33);
INSERT INTO Details (ordid, pcode, qty) VALUES (22, 0, 16);
INSERT INTO Details (ordid, pcode, qty) VALUES (22, 5, 44);
INSERT INTO Details (ordid, pcode, qty) VALUES (22, 1, 17);
INSERT INTO Details (ordid, pcode, qty) VALUES (22, 6, 38);
INSERT INTO Details (ordid, pcode, qty) VALUES (22, 14, 26);
INSERT INTO Details (ordid, pcode, qty) VALUES (22, 8, 34);
INSERT INTO Details (ordid, pcode, qty) VALUES (22, 3, 5);
INSERT INTO Details (ordid, pcode, qty) VALUES (22, 2, 8);
INSERT INTO Details (ordid, pcode, qty) VALUES (22, 9, 37);
INSERT INTO Details (ordid, pcode, qty) VALUES (22, 11, 15);
INSERT INTO Details (ordid, pcode, qty) VALUES (31, 2, 31);
INSERT INTO Details (ordid, pcode, qty) VALUES (31, 9, 30);
INSERT INTO Details (ordid, pcode, qty) VALUES (31, 3, 38);
INSERT INTO Details (ordid, pcode, qty) VALUES (31, 6, 2);
INSERT INTO Details (ordid, pcode, qty) VALUES (31, 8, 22);
INSERT INTO Details (ordid, pcode, qty) VALUES (31, 11, 15);
INSERT INTO Details (ordid, pcode, qty) VALUES (31, 14, 9);
INSERT INTO Details (ordid, pcode, qty) VALUES (29, 3, 35);
INSERT INTO Details (ordid, pcode, qty) VALUES (29, 10, 36);
INSERT INTO Details (ordid, pcode, qty) VALUES (29, 9, 49);
INSERT INTO Details (ordid, pcode, qty) VALUES (29, 12, 17);
INSERT INTO Details (ordid, pcode, qty) VALUES (29, 1, 12);
INSERT INTO Details (ordid, pcode, qty) VALUES (29, 5, 6);
INSERT INTO Details (ordid, pcode, qty) VALUES (29, 4, 4);
INSERT INTO Details (ordid, pcode, qty) VALUES (29, 2, 11);
INSERT INTO Details (ordid, pcode, qty) VALUES (29, 14, 13);
INSERT INTO Details (ordid, pcode, qty) VALUES (29, 6, 46);
INSERT INTO Details (ordid, pcode, qty) VALUES (29, 0, 31);
INSERT INTO Details (ordid, pcode, qty) VALUES (29, 8, 28);
INSERT INTO Details (ordid, pcode, qty) VALUES (16, 14, 26);
INSERT INTO Details (ordid, pcode, qty) VALUES (0, 14, 6);
INSERT INTO Details (ordid, pcode, qty) VALUES (0, 2, 30);
INSERT INTO Details (ordid, pcode, qty) VALUES (0, 3, 5);
INSERT INTO Details (ordid, pcode, qty) VALUES (0, 5, 41);
INSERT INTO Details (ordid, pcode, qty) VALUES (0, 13, 32);
INSERT INTO Details (ordid, pcode, qty) VALUES (0, 7, 37);
INSERT INTO Details (ordid, pcode, qty) VALUES (0, 1, 17);
INSERT INTO Details (ordid, pcode, qty) VALUES (0, 9, 17);
INSERT INTO Details (ordid, pcode, qty) VALUES (0, 4, 47);
INSERT INTO Details (ordid, pcode, qty) VALUES (0, 0, 17);
INSERT INTO Details (ordid, pcode, qty) VALUES (0, 11, 16);
INSERT INTO Details (ordid, pcode, qty) VALUES (0, 12, 8);
INSERT INTO Details (ordid, pcode, qty) VALUES (0, 8, 32);
INSERT INTO Details (ordid, pcode, qty) VALUES (3, 12, 45);
INSERT INTO Details (ordid, pcode, qty) VALUES (3, 3, 24);
INSERT INTO Details (ordid, pcode, qty) VALUES (38, 4, 50);
INSERT INTO Details (ordid, pcode, qty) VALUES (38, 7, 21);
INSERT INTO Details (ordid, pcode, qty) VALUES (38, 5, 12);
INSERT INTO Details (ordid, pcode, qty) VALUES (38, 2, 17);
INSERT INTO Details (ordid, pcode, qty) VALUES (38, 6, 22);
INSERT INTO Details (ordid, pcode, qty) VALUES (38, 9, 49);
INSERT INTO Details (ordid, pcode, qty) VALUES (38, 12, 36);
INSERT INTO Details (ordid, pcode, qty) VALUES (38, 0, 36);
INSERT INTO Details (ordid, pcode, qty) VALUES (38, 13, 43);
INSERT INTO Details (ordid, pcode, qty) VALUES (38, 3, 3);
INSERT INTO Details (ordid, pcode, qty) VALUES (38, 14, 34);
INSERT INTO Details (ordid, pcode, qty) VALUES (38, 11, 37);
INSERT INTO Details (ordid, pcode, qty) VALUES (38, 8, 25);
INSERT INTO Details (ordid, pcode, qty) VALUES (38, 10, 16);
INSERT INTO Invoices (invid, ordid, amount, issued, due) VALUES (0, 36, 13.86213467565145, '2022-01-24', '2022-02-13');
INSERT INTO Invoices (invid, ordid, amount, issued, due) VALUES (1, 31, 72.48345807332525, '2022-01-04', '2022-01-16');
INSERT INTO Invoices (invid, ordid, amount, issued, due) VALUES (2, 23, 4.549707325846686, '2022-01-14', '2022-02-05');
INSERT INTO Invoices (invid, ordid, amount, issued, due) VALUES (3, 24, 109.91170019545079, '2022-01-15', '2022-01-15');
INSERT INTO Invoices (invid, ordid, amount, issued, due) VALUES (4, 8, 76.28906981271263, '2022-01-20', '2022-02-05');
INSERT INTO Invoices (invid, ordid, amount, issued, due) VALUES (5, 12, 106.20736732954234, '2022-01-05', '2022-01-30');
INSERT INTO Invoices (invid, ordid, amount, issued, due) VALUES (6, 5, 42.70525790698398, '2022-01-09', '2022-02-06');
INSERT INTO Invoices (invid, ordid, amount, issued, due) VALUES (7, 34, 23.70330655886675, '2022-01-19', '2022-02-13');
INSERT INTO Invoices (invid, ordid, amount, issued, due) VALUES (8, 44, 37.89698832163441, '2022-01-20', '2022-01-27');
INSERT INTO Invoices (invid, ordid, amount, issued, due) VALUES (9, 28, 51.98814632758467, '2022-01-27', '2022-02-22');
INSERT INTO Invoices (invid, ordid, amount, issued, due) VALUES (10, 6, 89.50228487303285, '2022-01-14', '2022-01-16');
INSERT INTO Invoices (invid, ordid, amount, issued, due) VALUES (11, 19, 16.90336866859366, '2022-01-17', '2022-01-20');
INSERT INTO Invoices (invid, ordid, amount, issued, due) VALUES (12, 4, 53.75922462327933, '2022-01-16', '2022-02-09');
INSERT INTO Invoices (invid, ordid, amount, issued, due) VALUES (13, 16, 0.47579917330208277, '2022-01-31', '2022-02-06');
INSERT INTO Invoices (invid, ordid, amount, issued, due) VALUES (14, 1, 38.7580561973757, '2022-01-16', '2022-01-25');
INSERT INTO Invoices (invid, ordid, amount, issued, due) VALUES (15, 26, 99.75506790979243, '2022-01-17', '2022-02-05');
INSERT INTO Invoices (invid, ordid, amount, issued, due) VALUES (16, 3, 15.291982714535667, '2022-01-31', '2022-02-18');
INSERT INTO Invoices (invid, ordid, amount, issued, due) VALUES (17, 35, 25.55436999407422, '2022-01-18', '2022-02-09');
INSERT INTO Invoices (invid, ordid, amount, issued, due) VALUES (18, 20, 105.73621456888405, '2022-01-27', '2022-02-26');
INSERT INTO Invoices (invid, ordid, amount, issued, due) VALUES (19, 43, 88.05902531459925, '2022-01-29', '2022-01-29');
INSERT INTO Invoices (invid, ordid, amount, issued, due) VALUES (20, 0, 27.261610984628824, '2022-01-27', '2022-01-31');
INSERT INTO Invoices (invid, ordid, amount, issued, due) VALUES (21, 42, 101.90343773412631, '2022-01-17', '2022-02-06');
INSERT INTO Invoices (invid, ordid, amount, issued, due) VALUES (22, 10, 9.672749635639411, '2022-01-13', '2022-01-27');
INSERT INTO Invoices (invid, ordid, amount, issued, due) VALUES (23, 37, 7.307069115946541, '2022-01-02', '2022-01-02');
INSERT INTO Invoices (invid, ordid, amount, issued, due) VALUES (24, 32, 144.40013612874918, '2022-01-24', '2022-02-20');
INSERT INTO Invoices (invid, ordid, amount, issued, due) VALUES (25, 40, 85.46878138350456, '2022-01-04', '2022-02-03');
INSERT INTO Invoices (invid, ordid, amount, issued, due) VALUES (26, 25, 65.34045913816499, '2022-01-23', '2022-02-03');
INSERT INTO Invoices (invid, ordid, amount, issued, due) VALUES (27, 18, 71.83346446799472, '2022-01-18', '2022-02-07');
INSERT INTO Invoices (invid, ordid, amount, issued, due) VALUES (28, 41, 44.92189166735872, '2022-01-07', '2022-01-13');
INSERT INTO Invoices (invid, ordid, amount, issued, due) VALUES (29, 39, 31.851992185618112, '2022-01-26', '2022-01-30');
INSERT INTO Invoices (invid, ordid, amount, issued, due) VALUES (30, 7, 71.48938631417055, '2022-01-02', '2022-01-08');
INSERT INTO Invoices (invid, ordid, amount, issued, due) VALUES (31, 17, 133.15465837492005, '2022-01-13', '2022-02-11');
INSERT INTO Invoices (invid, ordid, amount, issued, due) VALUES (32, 22, 21.030928210519097, '2022-01-07', '2022-02-05');
INSERT INTO Payments (payid, tstamp, amount, invid) VALUES (0, '2023-02-18 08:32:02', 39.27811097639951, 12);
INSERT INTO Payments (payid, tstamp, amount, invid) VALUES (1, '2023-02-16 04:50:34', 139.48851238035914, 29);
INSERT INTO Payments (payid, tstamp, amount, invid) VALUES (2, '2023-01-24 03:48:35', 93.27792493462618, 27);
INSERT INTO Payments (payid, tstamp, amount, invid) VALUES (3, '2023-02-15 20:03:04', 75.4465138664711, 19);
INSERT INTO Payments (payid, tstamp, amount, invid) VALUES (4, '2023-01-25 03:28:28', 111.33366742102561, 2);
INSERT INTO Payments (payid, tstamp, amount, invid) VALUES (5, '2023-02-10 22:22:42', 32.91229115583483, 6);
INSERT INTO Payments (payid, tstamp, amount, invid) VALUES (6, '2023-01-31 09:30:41', 143.2011054614073, 7);
INSERT INTO Payments (payid, tstamp, amount, invid) VALUES (7, '2023-01-20 06:44:18', 47.475475700290545, 25);
INSERT INTO Payments (payid, tstamp, amount, invid) VALUES (8, '2023-01-16 02:20:56', 129.3275020695909, 7);
INSERT INTO Payments (payid, tstamp, amount, invid) VALUES (9, '2023-01-08 18:11:08', 38.93028075435872, 0);
INSERT INTO Payments (payid, tstamp, amount, invid) VALUES (10, '2023-02-09 01:59:01', 112.26659706120455, 6);
INSERT INTO Payments (payid, tstamp, amount, invid) VALUES (11, '2023-02-16 16:04:56', 103.33862714686057, 26);
INSERT INTO Payments (payid, tstamp, amount, invid) VALUES (12, '2023-02-10 14:07:52', 92.17374461748615, 1);
INSERT INTO Payments (payid, tstamp, amount, invid) VALUES (13, '2023-01-04 12:32:53', 111.43323485168372, 24);
INSERT INTO Payments (payid, tstamp, amount, invid) VALUES (14, '2023-01-14 10:38:32', 50.625048490478235, 21);
INSERT INTO Payments (payid, tstamp, amount, invid) VALUES (15, '2023-02-15 14:36:20', 106.65851488557966, 7);
INSERT INTO Payments (payid, tstamp, amount, invid) VALUES (16, '2023-01-28 03:40:39', 21.54955464423889, 17);
INSERT INTO Payments (payid, tstamp, amount, invid) VALUES (17, '2023-01-07 00:51:24', 27.65864661466903, 21);
INSERT INTO Payments (payid, tstamp, amount, invid) VALUES (18, '2023-01-06 06:46:13', 63.36983764405739, 15);
INSERT INTO Payments (payid, tstamp, amount, invid) VALUES (19, '2023-02-06 13:44:19', 72.9718455405505, 31);
INSERT INTO Payments (payid, tstamp, amount, invid) VALUES (20, '2023-01-28 06:36:17', 85.08022068368089, 12);
INSERT INTO Payments (payid, tstamp, amount, invid) VALUES (21, '2023-01-02 15:56:22', 135.1755811305831, 26);
INSERT INTO Payments (payid, tstamp, amount, invid) VALUES (22, '2023-01-21 00:36:46', 98.49520595378584, 8);
INSERT INTO Payments (payid, tstamp, amount, invid) VALUES (23, '2023-01-17 11:23:15', 95.33653582175616, 23);
INSERT INTO Payments (payid, tstamp, amount, invid) VALUES (24, '2023-02-14 15:11:23', 15.850224768818293, 7);
INSERT INTO Payments (payid, tstamp, amount, invid) VALUES (25, '2023-01-30 00:14:33', 123.99434574167203, 11);
INSERT INTO Payments (payid, tstamp, amount, invid) VALUES (26, '2023-01-21 03:32:33', 21.06074377712039, 5);
INSERT INTO Payments (payid, tstamp, amount, invid) VALUES (27, '2023-01-16 18:48:59', 125.91070327332142, 17);
INSERT INTO Payments (payid, tstamp, amount, invid) VALUES (28, '2023-01-15 00:19:02', 15.996520977338946, 5);
INSERT INTO Payments (payid, tstamp, amount, invid) VALUES (29, '2023-02-14 18:50:07', 9.983780917906177, 19);
INSERT INTO Payments (payid, tstamp, amount, invid) VALUES (30, '2023-01-31 21:49:14', 48.760569318930244, 20);
INSERT INTO Payments (payid, tstamp, amount, invid) VALUES (31, '2023-01-12 03:34:54', 58.9563422350987, 25);
INSERT INTO Payments (payid, tstamp, amount, invid) VALUES (32, '2023-01-26 07:32:27', 51.16424333837495, 28);
INSERT INTO Payments (payid, tstamp, amount, invid) VALUES (33, '2023-02-13 07:32:16', 100.21850730274933, 13);
INSERT INTO Payments (payid, tstamp, amount, invid) VALUES (34, '2023-01-09 06:23:14', 84.6230409113108, 30);
INSERT INTO Payments (payid, tstamp, amount, invid) VALUES (35, '2023-01-22 06:48:47', 7.883967751208637, 17);
INSERT INTO Payments (payid, tstamp, amount, invid) VALUES (36, '2023-01-03 07:29:07', 135.9789904092044, 12);
INSERT INTO Payments (payid, tstamp, amount, invid) VALUES (37, '2023-02-19 23:56:00', 36.11260185880646, 25);
INSERT INTO Payments (payid, tstamp, amount, invid) VALUES (38, '2023-01-18 20:19:28', 21.6375769226684, 5)